{
    "content_scripts": [
        "add_loan_funding_prediction.js"
    ], 
    "description": "Kiva Loan Funding Visualization", 
    "creator": "Frederik Durant", 
    "framework_version": "1.7.6 e5b39c50d196", 
    "background_scripts": [
        "main.js"
    ], 
    "homepage_url": "https://github.com/fdurant/kiva_project/tree/master/kivaLoanFundingViz", 
    "version": "0.1.0", 
    "framework_package_id": "dev", 
    "browser_button": {
        "caption": "Kiva Loan Funding Visualization", 
        "tooltipText": "Kiva Loan Funding Viz", 
        "icon": "icons/button.png"
    }, 
    "id": "pdooohhmiincklbkilbjhgonhngdlcdi", 
    "name": "Kiva Loan Funding Visualization"
}